{"bounds":{"east":115.53814888000488,"north":27.762022018432617,"south":27.41217613220215,"west":114.88051414489746},"contentType":"quantizedmesh","latLonBounds":{"east":115.53814888000488,"north":27.762022018432617,"south":27.41217613220215,"west":114.88051414489746},"maxzoom":14,"minzoom":0,"proj":4326,"tiletrans":"tms","type":"terrain","ziped":false}